drug,pearson,r2,rmse,n_samples,mut_attn,cnv_attn,exp_attn
PD0325901,0.9518492987902586,0.8990318179130554,0.6965374817768604,149,0.7506,0.159,0.0905
Trametinib,0.9497046256353495,0.891558825969696,0.7279971325629219,132,0.8048,0.0938,0.1014
Camptothecin,0.9280945478088815,0.8533984422683716,0.7234257081226306,138,0.4915,0.3527,0.1558
Cisplatin,0.9253341378726134,0.8455103635787964,0.8435814653842133,117,0.5599,0.3649,0.0752
Tozasertib,0.9204633533292166,0.8412012457847595,0.9823988803728229,40,0.6823,0.2302,0.0875
Irinotecan,0.9085427573825285,0.8230768442153931,0.7671872762458304,148,0.6446,0.2788,0.0766
Refametinib,0.9001860089521501,0.808548092842102,0.8565888409633418,152,0.6262,0.2896,0.0841
Nutlin-3a (-),0.8959450112971417,0.7511060237884521,0.8502924486156278,145,0.2999,0.6571,0.043
SCH772984,0.8947595388772684,0.7991923093795776,0.7214158418549405,131,0.6486,0.2767,0.0746
Wee1 Inhibitor,0.8940885373255132,0.7935951352119446,0.6784962486087484,138,0.7322,0.1789,0.0889
Sapitinib,0.892210634920361,0.7949382066726685,0.7960610440080591,139,0.4294,0.5132,0.0574
AZD5363,0.8908338236807238,0.7918683886528015,0.6554665430188676,127,0.6466,0.2779,0.0755
Afatinib,0.8894720304153062,0.7903061509132385,0.6470307637157331,134,0.8544,0.0687,0.0769
AZD5438,0.8893533175889762,0.770400881767273,0.8419595724897683,90,0.7084,0.2072,0.0845
Taselisib,0.8883940290126143,0.7890056371688843,0.7572378752510076,149,0.7637,0.1532,0.0831
EPZ5676,0.8873259349346303,0.7845255136489868,0.470040135394666,132,0.1414,0.8242,0.0345
Vorinostat,0.8868802639546048,0.7767702341079712,0.5501646012309142,150,0.816,0.0909,0.0931
Vinorelbine,0.8866774899756249,0.7750874757766724,1.024370365283622,133,0.3916,0.4129,0.1955
Axitinib,0.885338988624896,0.7806586623191833,0.8162275054776347,151,0.6391,0.286,0.075
Gemcitabine,0.8851535984421229,0.775294303894043,1.4833763377067157,144,0.5852,0.289,0.1258
OTX015,0.8813107086781053,0.7753337621688843,0.8815418314818153,125,0.6934,0.2215,0.0851
VX-11e,0.8786198089302218,0.7647385001182556,0.7186387432069521,131,0.6845,0.2421,0.0734
Teniposide,0.8770702985257183,0.7572841048240662,0.9630742391271522,113,0.7675,0.1303,0.1022
Epirubicin,0.8760495045543749,0.7620477080345154,0.772535318104296,158,0.7651,0.1255,0.1094
Afuresertib,0.875868278934856,0.7618422508239746,0.7208957983158307,134,0.7052,0.2213,0.0735
Talazoparib,0.8718264829048603,0.7600428462028503,1.0838259469494835,147,0.5788,0.3552,0.066
Selumetinib,0.8700448513278276,0.7439334988594055,0.9387338148771389,138,0.44,0.4984,0.0616
Crizotinib,0.8682450917082113,0.7482281923294067,0.7598865873642776,124,0.7263,0.1953,0.0784
Pictilisib,0.8678644414368495,0.7513705492019653,0.5792084670819845,158,0.8047,0.0946,0.1007
AZD7762,0.8663236465846051,0.7436906099319458,0.7345103281202559,144,0.8261,0.0699,0.104
MK-2206,0.8652581232726514,0.7455721497535706,0.7669439049491319,154,0.676,0.248,0.0761
EPZ004777,0.8583405473929127,0.7245007157325745,0.5566214574893436,124,0.1695,0.8008,0.0296
Olaparib,0.8577896551962502,0.7314959764480591,0.6913352757464643,125,0.3605,0.5981,0.0414
Dactolisib,0.8565971772967959,0.7272599935531616,0.7035560769964413,135,0.7008,0.1965,0.1027
Paclitaxel,0.855302368447219,0.7256931662559509,0.8849688164017818,146,0.3442,0.4632,0.1926
Gefitinib,0.8548325247859353,0.7153408527374268,0.6216024319042099,152,0.5887,0.343,0.0683
Topotecan,0.8539557216589132,0.7250180244445801,0.9247853842053042,105,0.783,0.1102,0.1068
Lapatinib,0.8539274995060867,0.7290015816688538,0.7997488298112442,146,0.603,0.3175,0.0795
Niraparib,0.8533556664702082,0.7264779806137085,0.7437254781447139,121,0.4185,0.5284,0.0531
Mitoxantrone,0.8530435527303681,0.703697681427002,1.1471361325536336,107,0.7782,0.1231,0.0987
Veliparib,0.8497488098620933,0.7185667753219604,0.48728633991323833,122,0.1582,0.8119,0.0299
Vinblastine,0.8492722822733066,0.7172898054122925,1.1888111806342456,99,0.3299,0.4416,0.2286
Docetaxel,0.849040174230368,0.7026897668838501,1.0336471786011014,139,0.2705,0.4733,0.2562
AZD6738,0.8476102410955312,0.7182915210723877,0.7502282510571263,144,0.7353,0.1729,0.0919
I-BET-762,0.8473442863774022,0.7168502807617188,0.852069563781608,133,0.5473,0.3807,0.072
Alisertib,0.845828619342412,0.7115058302879333,1.2103545723952005,140,0.7309,0.1835,0.0857
RO-3306,0.8449806746576157,0.713333785533905,0.8413990257753535,138,0.5133,0.4208,0.066
Alpelisib,0.8424239137601888,0.7062838077545166,0.7683498395552114,145,0.5332,0.3964,0.0704
MK-1775,0.8394749640087055,0.704677939414978,0.7729634074621596,141,0.8071,0.0844,0.1085
Lestaurtinib,0.8390915164672212,0.7033200263977051,0.8687461386395822,138,0.8015,0.0893,0.1093
Temozolomide,0.8380979501117825,0.6682305335998535,0.8280067719330034,132,0.1823,0.7584,0.0592
Bicalutamide,0.8379115689042133,0.7013893723487854,0.5367938692921752,30,0.2676,0.6959,0.0365
Entinostat,0.8369568399993988,0.7001881003379822,0.8290568093666417,137,0.7428,0.1738,0.0835
Oxaliplatin,0.8361795352284455,0.687729001045227,1.0524526017269547,128,0.3512,0.5944,0.0545
Dactinomycin,0.835175184356611,0.6946680545806885,1.0400465127740781,131,0.4146,0.3924,0.1931
Navitoclax,0.8336397359344547,0.6860945820808411,1.1001064877551354,145,0.7583,0.1527,0.089
AZD5153,0.8329660006814127,0.6921149492263794,1.0610942516907107,109,0.7487,0.167,0.0843
Palbociclib,0.8328585966121927,0.6786845922470093,1.0064277894656082,135,0.5296,0.4129,0.0575
VE-822,0.8306872025894857,0.6765106320381165,1.0477154902038464,156,0.5438,0.3904,0.0658
ABT737,0.8306066708175035,0.6816399693489075,1.1630877823899095,137,0.7017,0.2128,0.0855
PCI-34051,0.8298846994136414,0.6843281984329224,0.7558606367076033,120,0.3502,0.6066,0.0432
AZD3759,0.8280119127261928,0.6631325483322144,0.5453502926122786,145,0.7357,0.1845,0.0798
BMS-754807,0.827544700605451,0.675987958908081,1.1123395718403486,127,0.7171,0.209,0.0739
AZD8055,0.8266566594254784,0.6786486506462097,0.7840498915411503,86,0.8153,0.0712,0.1136
Ipatasertib,0.8259944917626781,0.6741865873336792,0.7467294750732532,138,0.4843,0.4535,0.0622
Cytarabine,0.8246906159981073,0.6751075387001038,1.3204617839137922,115,0.7307,0.1812,0.0881
SN-38,0.8230037849193812,0.6579893827438354,1.1479578378890058,159,0.3211,0.47,0.2089
Buparlisib,0.8215330829943285,0.6516933441162109,0.5274436855990863,156,0.8095,0.0902,0.1003
SB590885,0.8201965241615113,0.6584546566009521,0.696101865710419,130,0.3107,0.6479,0.0413
JQ1,0.8201086872290653,0.6714967489242554,1.008343165063347,149,0.7399,0.1701,0.09
BI-2536,0.8196061553427274,0.6529410481452942,1.3921797986572158,124,0.5931,0.2835,0.1234
Linsitinib,0.8184429918316795,0.6569639444351196,0.7397221224586584,148,0.3918,0.5538,0.0544
CZC24832,0.816326460441863,0.6630113124847412,0.5588344508873907,106,0.1421,0.8312,0.0267
Dasatinib,0.8153852441612356,0.6495530009269714,1.4628634074675158,140,0.7616,0.145,0.0934
Uprosertib,0.8137119090293481,0.6598184108734131,0.9405566612081181,135,0.591,0.3386,0.0704
MK-8776,0.8127610129832492,0.6590191125869751,0.9708420713519883,139,0.5756,0.352,0.0723
AZD4547,0.8120733324475181,0.6537551879882812,0.882715169216754,165,0.6944,0.2368,0.0688
Foretinib,0.810181158282025,0.6203793287277222,0.879653748428857,141,0.8287,0.0719,0.0994
Cyclophosphamide,0.8100245111039462,0.6353327035903931,0.5397128452960692,140,0.1406,0.8336,0.0257
UNC0638,0.8098962307179709,0.6521106362342834,0.8041751674999988,96,0.3511,0.6036,0.0453
Nilotinib,0.8051670340344421,0.6305016279220581,0.8623572189902113,127,0.6218,0.3076,0.0706
Rucaparib,0.8044101798017771,0.6427205801010132,0.630014804938609,140,0.3785,0.569,0.0524
Ribociclib,0.804279713610758,0.6467453241348267,0.6397779027944168,135,0.5241,0.4158,0.0601
Bosutinib,0.7974922361547151,0.6295477151870728,0.8514646771440978,132,0.6658,0.2616,0.0726
BX795,0.795721459639029,0.6205474138259888,0.7409032854138907,28,0.6687,0.2523,0.079
Venetoclax,0.7953326066467536,0.6271737813949585,1.1209682168359785,137,0.7755,0.1457,0.0789
ZM447439,0.792169778422389,0.6247511506080627,1.0917755834588172,141,0.6868,0.2311,0.0821
JNK Inhibitor VIII,0.7904341025210444,0.6182171106338501,0.5513404550534452,115,0.1568,0.8141,0.0292
I-BRD9,0.7890752078016668,0.6200820207595825,0.7772804119433948,128,0.3314,0.6202,0.0484
MIRA-1,0.7888996960107013,0.5932840704917908,0.7497692547927223,137,0.1809,0.7848,0.0344
Serdemetan,0.7860219833478723,0.6023842096328735,0.8147359672501419,151,0.4511,0.4965,0.0523
Ibrutinib,0.7853481644976312,0.6064426302909851,1.089834343107364,139,0.3546,0.5949,0.0505
AZD5991,0.784634533053525,0.6089035868644714,1.8304913195831702,122,0.4388,0.5017,0.0595
PLX-4720,0.7843981091491841,0.6152768135070801,0.8812580771109891,131,0.3755,0.5739,0.0507
Nelarabine,0.7838957827085393,0.5975866317749023,0.7001041794636771,114,0.1326,0.8333,0.0341
Ulixertinib,0.7811191759264808,0.6058645248413086,1.0347525331180936,126,0.6627,0.258,0.0794
AMG-319,0.7807732496016453,0.6029815077781677,0.7960744464244726,122,0.215,0.7534,0.0316
Motesanib,0.7796383383804392,0.602656364440918,0.6894390547832283,137,0.131,0.8407,0.0283
Sorafenib,0.7755987819717475,0.5915871262550354,0.6241112111526387,142,0.7475,0.1707,0.0819
KU-55933,0.7752218102431826,0.59660804271698,0.7147384732795659,161,0.1987,0.7669,0.0344
Ruxolitinib,0.77241171230985,0.5737996101379395,0.6854092060328518,142,0.1959,0.772,0.0321
IWP-2,0.7691282040445965,0.5803669691085815,0.5422754870431497,140,0.7291,0.1997,0.0712
Osimertinib,0.7684992343852404,0.5855350494384766,0.7070384789197414,133,0.8111,0.1003,0.0886
AZD1208,0.7684357034903875,0.5886746644973755,0.6481847845110199,128,0.1542,0.8144,0.0315
Mirin,0.7679784871221796,0.5641403198242188,0.7058866308762844,126,0.2358,0.7209,0.0433
GSK591,0.7663372983754974,0.5742633938789368,0.7893057721997813,141,0.2558,0.706,0.0383
Erlotinib,0.7657565596073369,0.5805782079696655,0.8384688012034694,148,0.6926,0.2359,0.0715
Pevonedistat,0.7627485317492917,0.5758986473083496,1.4058852676419598,116,0.7915,0.1059,0.1026
Savolitinib,0.7624559185418522,0.5783095359802246,0.7273849016752335,130,0.7475,0.1892,0.0634
Dabrafenib,0.7615147331192249,0.5424812436103821,1.372085212816669,145,0.3273,0.63,0.0427
AZD2014,0.7608593253181966,0.5682438611984253,0.844951022099963,109,0.7418,0.1659,0.0923
GSK343,0.7591474860195092,0.5735918283462524,0.8964251995294646,118,0.4517,0.4863,0.062
LGK974,0.7577217357254771,0.5724810361862183,0.7144647229203825,115,0.3787,0.5713,0.0501
Dinaciclib,0.7572744935608727,0.5643317699432373,0.9437608200362451,118,0.4256,0.4356,0.1388
Entospletinib,0.7553503368790992,0.5653359889984131,0.816678563018359,133,0.4836,0.4591,0.0573
GSK2606414,0.7549012892877214,0.5629996061325073,0.8003366492164469,147,0.4416,0.4986,0.0599
BMS-536924,0.7518142930430337,0.5564321279525757,0.8121866208725237,140,0.7712,0.1441,0.0847
Rapamycin,0.7450661515754304,0.5388027429580688,1.1417849665049165,142,0.6525,0.2372,0.1103
Staurosporine,0.7448580986029788,0.550889253616333,0.8536286442911101,145,0.491,0.3815,0.1275
GW441756,0.7387913264068452,0.5456900000572205,0.6535455061881125,138,0.5638,0.3752,0.061
NU7441,0.7381417642371515,0.5440269708633423,0.8649759014168492,136,0.6006,0.3296,0.0698
XAV939,0.7360561107657969,0.5197093486785889,0.7057199489277747,121,0.3448,0.6108,0.0443
Bortezomib,0.7325644779571784,0.5361233949661255,0.5997491232582162,141,0.14,0.5417,0.3183
Leflunomide,0.7318288501187147,0.5249844193458557,0.6269047798697415,137,0.192,0.779,0.029
Tamoxifen,0.7316163021395076,0.48409998416900635,0.8146038693492318,148,0.38,0.5651,0.0549
Wnt-C59,0.7235430924154761,0.5206258296966553,0.7467211337389736,127,0.2949,0.6612,0.0439
Luminespib,0.7169545140029754,0.46302664279937744,1.3969717175754885,144,0.5567,0.3241,0.1191
MG-132,0.7151617032955883,0.5085694789886475,0.4205409963991677,139,0.8453,0.0518,0.1029
Temsirolimus,0.7077570030467357,0.48981523513793945,1.1040687997499516,117,0.826,0.0844,0.0896
KRAS (G12C) Inhibitor-12,0.7060636496125293,0.4889320135116577,1.041403120398201,139,0.3097,0.6481,0.0422
Elesclomol,0.7045025862646274,0.4637179970741272,1.440426625393991,37,0.6223,0.2678,0.11
GSK1904529A,0.6969502389924201,0.4435391426086426,0.7503927712357671,121,0.3251,0.6319,0.043
Sabutoclax,0.6960241773670547,0.47181785106658936,1.0306421280103308,128,0.8299,0.0632,0.107
Cediranib,0.6953245456794792,0.4718720316886902,0.9279934812411366,147,0.7732,0.1428,0.0841
Bleomycin,0.6875402134481651,0.4622098207473755,1.0131009943740237,113,0.6968,0.2285,0.0747
Tanespimycin,0.6869471368558471,0.45706766843795776,1.0703231365482828,140,0.8335,0.0638,0.1026
Pyridostatin,0.6826569658814348,0.458959698677063,0.9263135771869007,134,0.4656,0.4839,0.0505
WEHI-539,0.6823019313081532,0.42917609214782715,1.2393384205339446,140,0.4375,0.5059,0.0566
Doramapimod,0.6817989170144254,0.45259302854537964,0.835855854361094,135,0.2058,0.7625,0.0317
PD173074,0.6782682471722699,0.44501930475234985,0.9854854194147,136,0.4727,0.4741,0.0532
Vismodegib,0.6776804153712275,0.33190250396728516,0.7581654542726137,162,0.1755,0.7937,0.0308
Fludarabine,0.6669830676596644,0.4202328324317932,1.447600826513851,88,0.2341,0.7295,0.0364
Fulvestrant,0.6618296268510205,0.39315885305404663,0.9574742751487981,127,0.4897,0.4463,0.064
Romidepsin,0.6595736812214681,0.38605421781539917,0.9348014458035057,98,0.1594,0.487,0.3535
Sepantronium bromide,0.5906371536648428,0.2788177728652954,1.413152117125244,120,0.1367,0.6124,0.2509
OSI-027,0.5844019662928822,0.3377941846847534,1.297584799051677,139,0.7278,0.1843,0.0878
Methotrexate,0.49634632456508204,0.1264052391052246,2.3079987096336634,123,0.7705,0.1411,0.0883
Daporinad,0.47962518084305966,0.12733840942382812,2.5489549627205146,91,0.2206,0.5526,0.2268
LCL161,0.4726538609350798,0.21109884977340698,1.1335215487053585,148,0.2174,0.7478,0.0347
